{"pages":[],"posts":[{"title":"Daily Homework&#x2F;Course Design&#x2F;Code Tutoring for International Students","text":"Personal Introduction (Updated in 2024)Hi, readers, I’m glad you found a treasure blogger like me🤗! I graduated from Tsinghua University (China’s top university) for my bachelor’s and master’s degrees, and studied for my doctorate at Ohio State University. I am the founder of the Worry-Free Study Abroad Studio. I have conducted in-depth research in the fields of AI (reinforcement learning/deep learning/machine learning), operating systems, and network security. I have won the highest championship in the finals of competitions such as Alibaba Tianchi, Kaggle, and international security competitions such as Geekpwn/Hitcon/0CTF. I have worked for ByteDance, Kuaishou, and Microsoft Research Asia as an algorithm engineer with an annual salary of up to 800,000 yuan. I have nine years of experience in tutoring overseas students. ➡️ My Github：Saferman ➡️ Studio website：https://cscodetutor.com/ ➡️ Counseling Cases：click me ➡️ Xiaohongshu ID: 清华果教计算机 (formerly known as THU斜杠青年) Why to do this?There are too many intermediaries on the market, and the commission rate is very high💔, which wastes more money for students and cannot guarantee the quality❤️. I am passionate about technology, and tutoring you will allow me to review this knowledge frequently. Solving challenging problems will also stimulate my strong desire to explore. At the same time, the compensation will be used to reduce the pressure of my mortgage in Beijing. To ensure quality, I promise you: Quality assurance: scoring points must be done, 100%💯 guaranteed originality, and no integrity principles are violated Price advantage: the cost of any assignments and exams is absolutely lower than the cost of market intermediary writing agencies, and we will not become an intermediary agency Programming style: It can meet the Google open source project style, or imitate your coding style according to your requirements If you cooperate for a long time, you can ensure that your code habits and styles are consistent for each assignment, imitate your knowledge level and coding habits For interviews or exams, please discuss the time with me in advance, I will be fully prepared, and help you control your scores if necessary Service contentsStudents or office workers around the world can contact me. The services include essays, reports, assignments, homework, projects, labs, finals and so on. Basic mathematics in the computer field, AI algorithm mathematical theory, financial computers, and quantitative investment models are also within the scope of service. The specific list is as follows： AI big models, machine learning, deep learning, reinforcement learning Computer network architecture, network protocols, Linux/Windows system kernel, driver-level development Front-end and back-end development, Chrome plug-in development, APP development Cloud native security, virtualized service security, mobile security, web security, binary security, reverse engineering and cracking, risk control analysis Electronic circuits, signals and systems, probability theory, calculus, linear algebra, mathematical analysis, random processes Raspberry Pi, UNO, embedded devices (using C/C++ or Python) Contact usIt is strongly recommended to contact me via WeChat or twitter, and please state your intention. My WeChat QR code is as follows: My twitter: https://x.com/Saferman2 We promise that you will get the mosty cost-effective tutoring😀😀😀","link":"/2024/01/01/counseling_services/"},{"title":"留学生日常作业&#x2F;课程设计&#x2F;代码辅导，仅为漂洋过海的你❥","text":"文章创建时间:2021-05-04 最新更新时间：2025-07-16 👨🏼‍💻个人简介（2024年更新）嗨，读者你好，很高兴被你发现我这样的宝藏博主🤗🤗🤗！ 我本科、硕士毕业于清华大学，博士就读于俄亥俄州立大学，华为、阿里大厂合作讲师，醋溜科技编程老师，留学无忧工作室创始人，深入研究AI领域（强化学习/深度学习/机器学习）、操作系统、网络安全领域，在阿里天池、Kaggle、国际安全竞赛 Geekpwn/Hitcon/0CTF 等竞赛中最高取得决赛冠军的名次，曾就职于字节跳动、快手和微软亚洲研究院，担任算法工程师年薪最高80万，九年留学生代写辅导经验。 欢迎朋友你回国后约我，我请你恰饭，绝对不是中介！！ ➡️ My Github：Saferman ➡️ 工作室网站：https://cscodetutor.com/ ➡️ 辅导案例：经同意后公开的辅导案例 ➡️ 小红书ID：清华果教计算机（旧名：THU斜杠青年） 🙋🏻‍♀️为什么要做这件事？起源：十一年前，许多留学生好朋友由于信任我的代码水平和耐心，向我寻求计算机作业辅导，我非常感激和珍惜这些机会，始终认真对待每一份作业及考试，最终都交出了令他们满意的成绩。 但是，后来接触了一些中介机构平台，了解到市面上中介/机构/工作室/留学生辅导团队不仅收费昂贵，而且几乎无一例外地都将作业任务外包出去，然而他们找的代码写手质量参差不齐（Google 搜索 “cs 代写”的机构绝大部分都是在国内找廉价学生写手，并拿取50%-70%的中介费）。甚至有些刚认识的留学生都给我吐槽过这件事情： 突然有一天，我的脑海里萌生了一个大胆的想法： 我想亲自为同龄人提供辅导服务，免去他们给中介机构不必要的费用， 并提供高质量的答疑解惑！ 我很热爱技术，辅导你们能让我经常复习这些知识，解决挑战性的问题也会激发我强烈的探索欲望，同时报酬将用来减轻我在北京的房贷压力。为了保证质量，我向您承诺： 质量保证：得分点必做，100%保证原创，不违反任何诚信原则 价格优势：任何作业和考试的费用绝对低于市场中介代写机构的费用，也不会成为中介机构 编程风格：可以满足Google开源项目风格，也可以按照您的要求模仿你的coding style 如果长期合作，能确保你的每次作业代码习惯和风格一致，模仿你的知识水平和coding习惯 面试或者考试，请提前和我商量时间，我会做好充分准备，如果需要帮你控分 🤜服务内容代写 or 辅导英国、法国、德国、芬兰、瑞典、荷兰、美国，澳大利亚，日本，韩国，新加坡等海外留学生，Essay, Report, assignment, homework, project, lab, final and so on。只要是计算机(computer science)领域的算法或开发任务都能接，以及基础数学、AI算法数学理论、金融计算机、量化投资模型也都在考虑范围。此外，擅长但不限于以下领域： AI大模型、机器学习、深度学习、强化学习 计算机网络408考研知识、TCP/IP五层网络协议、Linux/Windows系统内核、驱动级开发 前后端开发、小程序开发、Chrome插件开发、APP开发 云原生安全、虚拟化服务安移动安全、web安全、二进制安全、逆向和破解、风控分析 电子电路、信号与系统、概率论、微积分、线性代数、数学分析、随机过程 树莓派、UNO、嵌入式设备（使用C/C++语言或者Python） …… 📞联系方式微信（WeChat），请您添加的时候备注”代写”或”辅导”： 为了方便快速定价和确定是否代做，麻烦提供私聊的时候提供以下信息： 如果是作业，提供本次作业要求文档；如果是考试，提供考试范围和考试时间 一两句话概括一下作业任务或者考试任务，比如”可以帮忙实现一个决策树算法吗？”、”网络安全选择题考试，范围是内网横向移动知识点” 作业定价有两种方式：1）通过微信我们一起协商；2）截图其他中介机构的报价，对于那些报价狠的中介，我这边直接便宜50%。","link":"/2025/07/16/cs%E4%BB%A3%E5%86%99%E6%9C%8D%E5%8A%A1/"},{"title":"留学生辅导网站正式成立！","text":"文章创建时间:2021-05-04 最新更新时间：2021-05-04 🎊🎊🎊🎉🎉🎉 在工作室朋友和学生的鼓励下，非常荣幸成立了这个简约的博客网站！ 目的只有一个就是帮助广大的留学生解决学业烦恼，提供全球性价比最高的优质课程/考试/学业/就业辅导😁😁😁","link":"/2021/05/04/%E5%88%9B%E7%AB%8B/"}],"tags":[],"categories":[]}